{"cameraMode":{"drawMode":0,"name":"Shaded","section":"Shading Mode"},"sceneLighting":false,"audioPlay":false,"sceneViewState":{"showFog":true,"showMaterialUpdate":true,"showSkybox":true,"showFlares":true,"showImageEffects":true,"showParticleSystems":true},"in2DMode":false,"pivot":{"x":-10.658833503723145,"y":4.96049165725708,"z":21.473848342895509},"rotation":{"x":-0.04914848506450653,"y":0.04104932025074959,"z":-0.002022575819864869,"w":-0.9979456067085266},"size":18.40834617614746,"orthographic":false}