{"cameraMode":{"drawMode":0,"name":"Shaded","section":"Shading Mode"},"sceneLighting":false,"audioPlay":false,"sceneViewState":{"showFog":true,"showMaterialUpdate":true,"showSkybox":true,"showFlares":true,"showImageEffects":true,"showParticleSystems":true},"in2DMode":false,"pivot":{"x":5.860889434814453,"y":-1.506894588470459,"z":6.7669677734375},"rotation":{"x":-0.16552013158798219,"y":0.5462492108345032,"z":-0.11113013327121735,"w":-0.8135508894920349},"size":15.6390962600708,"orthographic":false}