{"cameraMode":{"drawMode":0,"name":"Shaded","section":"Shading Mode"},"sceneLighting":false,"audioPlay":false,"sceneViewState":{"showFog":true,"showMaterialUpdate":true,"showSkybox":true,"showFlares":true,"showImageEffects":true,"showParticleSystems":true},"in2DMode":false,"pivot":{"x":-49.335384368896487,"y":-9.901947021484375,"z":51.36505126953125},"rotation":{"x":-0.2733696401119232,"y":-0.7236613035202026,"z":0.40793776512145998,"w":-0.48494356870651247},"size":98.4041976928711,"orthographic":false}