{"cameraMode":{"drawMode":0,"name":"Shaded","section":"Shading Mode"},"sceneLighting":false,"audioPlay":false,"sceneViewState":{"showFog":true,"showMaterialUpdate":true,"showSkybox":true,"showFlares":true,"showImageEffects":true,"showParticleSystems":true},"in2DMode":false,"pivot":{"x":-1.5636118650436402,"y":0.8861504197120667,"z":11.649144172668457},"rotation":{"x":-0.30968132615089419,"y":-0.1371418833732605,"z":0.04519762471318245,"w":-0.9398121237754822},"size":33.72343444824219,"orthographic":false}