{"cameraMode":{"drawMode":0,"name":"Shaded","section":"Shading Mode"},"sceneLighting":false,"audioPlay":false,"sceneViewState":{"showFog":true,"showMaterialUpdate":true,"showSkybox":true,"showFlares":true,"showImageEffects":true,"showParticleSystems":true},"in2DMode":false,"pivot":{"x":-0.20760303735733033,"y":-0.051394023001194,"z":0.2642873227596283},"rotation":{"x":-0.017182014882564546,"y":0.7976860404014587,"z":-0.602398693561554,"w":-0.022751225158572198},"size":3.2546517848968508,"orthographic":false}