{"cameraMode":{"drawMode":0,"name":"Shaded","section":"Shading Mode"},"sceneLighting":false,"audioPlay":false,"sceneViewState":{"showFog":true,"showMaterialUpdate":true,"showSkybox":true,"showFlares":true,"showImageEffects":true,"showParticleSystems":true},"in2DMode":false,"pivot":{"x":-1.7366375923156739,"y":-13.240011215209961,"z":16.240459442138673},"rotation":{"x":-0.3756124675273895,"y":-0.05638924613595009,"z":0.0229090116918087,"w":-0.9247760772705078},"size":35.516014099121097,"orthographic":false}