{"cameraMode":{"drawMode":0,"name":"Shaded","section":"Shading Mode"},"sceneLighting":false,"audioPlay":false,"sceneViewState":{"showFog":true,"showMaterialUpdate":true,"showSkybox":true,"showFlares":true,"showImageEffects":true,"showParticleSystems":true},"in2DMode":false,"pivot":{"x":-0.34863775968551638,"y":-1.1226632595062256,"z":0.4747849404811859},"rotation":{"x":-0.2057694047689438,"y":-0.7941808104515076,"z":0.40924039483070376,"w":-0.3993220627307892},"size":24.45272445678711,"orthographic":false}