{"cameraMode":{"drawMode":0,"name":"Shaded","section":"Shading Mode"},"sceneLighting":false,"audioPlay":false,"sceneViewState":{"showFog":true,"showMaterialUpdate":true,"showSkybox":true,"showFlares":true,"showImageEffects":true,"showParticleSystems":true},"in2DMode":false,"pivot":{"x":-10.24591064453125,"y":12.165851593017579,"z":99.67900848388672},"rotation":{"x":0.13149894773960114,"y":0.5384305715560913,"z":-0.08551699668169022,"w":0.8279417157173157},"size":73.71044921875,"orthographic":false}