{"cameraMode":{"drawMode":0,"name":"Shaded","section":"Shading Mode"},"sceneLighting":false,"audioPlay":false,"sceneViewState":{"showFog":true,"showMaterialUpdate":true,"showSkybox":true,"showFlares":true,"showImageEffects":true,"showParticleSystems":true},"in2DMode":false,"pivot":{"x":-6.063018798828125,"y":0.4417814016342163,"z":15.868099212646485},"rotation":{"x":-0.046719927340745929,"y":0.05600644275546074,"z":-0.002624773420393467,"w":-0.9973333477973938},"size":26.566051483154298,"orthographic":false}