{"cameraMode":{"drawMode":0,"name":"Shaded","section":"Shading Mode"},"sceneLighting":false,"audioPlay":false,"sceneViewState":{"showFog":true,"showMaterialUpdate":true,"showSkybox":true,"showFlares":true,"showImageEffects":true,"showParticleSystems":true},"in2DMode":false,"pivot":{"x":-2.7606210708618166,"y":0.8561728596687317,"z":-3.753021001815796},"rotation":{"x":-0.01449484471231699,"y":0.4475571811199188,"z":-0.007256882265210152,"w":-0.8941084146499634},"size":19.099504470825197,"orthographic":false}