{"cameraMode":{"drawMode":0,"name":"Shaded","section":"Shading Mode"},"sceneLighting":false,"audioPlay":false,"sceneViewState":{"showFog":true,"showMaterialUpdate":true,"showSkybox":true,"showFlares":true,"showImageEffects":true,"showParticleSystems":true},"in2DMode":false,"pivot":{"x":-1.505329966545105,"y":-13.177912712097168,"z":15.771138191223145},"rotation":{"x":-0.4616715908050537,"y":-0.2435307800769806,"z":0.13346193730831147,"w":-0.8424607515335083},"size":60.18433380126953,"orthographic":false}