{"cameraMode":{"drawMode":0,"name":"Shaded","section":"Shading Mode"},"sceneLighting":false,"audioPlay":false,"sceneViewState":{"showFog":true,"showMaterialUpdate":true,"showSkybox":true,"showFlares":true,"showImageEffects":true,"showParticleSystems":true},"in2DMode":false,"pivot":{"x":3.3083531856536867,"y":3.1837332248687746,"z":0.7798691987991333},"rotation":{"x":0.08378104120492935,"y":-0.055577054619789126,"z":0.004680683836340904,"w":0.9949221014976502},"size":2.4869441986083986,"orthographic":false}