{"cameraMode":{"drawMode":0,"name":"Shaded","section":"Shading Mode"},"sceneLighting":false,"audioPlay":false,"sceneViewState":{"showFog":true,"showMaterialUpdate":true,"showSkybox":true,"showFlares":true,"showImageEffects":true,"showParticleSystems":true},"in2DMode":false,"pivot":{"x":0.3239564001560211,"y":2.913627862930298,"z":-2.3452985286712648},"rotation":{"x":0.22470000386238099,"y":-0.06163368001580238,"z":0.014242546632885933,"w":0.9723725318908691},"size":4.4842329025268559,"orthographic":false}