{"cameraMode":{"drawMode":0,"name":"Shaded","section":"Shading Mode"},"sceneLighting":true,"audioPlay":false,"sceneViewState":{"showFog":true,"showMaterialUpdate":true,"showSkybox":true,"showFlares":true,"showImageEffects":true,"showParticleSystems":true},"in2DMode":false,"pivot":{"x":2.9311976432800295,"y":-0.44104617834091189,"z":-19.444843292236329},"rotation":{"x":-0.7405440211296082,"y":-0.018739553168416024,"z":0.020668813958764077,"w":-0.6714284420013428},"size":48.15243148803711,"orthographic":true}