{"cameraMode":{"drawMode":0,"name":"Shaded","section":"Shading Mode"},"sceneLighting":false,"audioPlay":false,"sceneViewState":{"showFog":true,"showMaterialUpdate":true,"showSkybox":true,"showFlares":true,"showImageEffects":true,"showParticleSystems":true},"in2DMode":false,"pivot":{"x":-0.5621849298477173,"y":2.6125545501708986,"z":6.264565944671631},"rotation":{"x":-0.3909948468208313,"y":0.04883671924471855,"z":-0.020773103460669519,"w":-0.9188615679740906},"size":20.981904983520509,"orthographic":false}