{"cameraMode":{"drawMode":0,"name":"Shaded","section":"Shading Mode"},"sceneLighting":false,"audioPlay":false,"sceneViewState":{"showFog":true,"showMaterialUpdate":true,"showSkybox":true,"showFlares":true,"showImageEffects":true,"showParticleSystems":true},"in2DMode":false,"pivot":{"x":1.9741642475128174,"y":12.180601119995118,"z":65.36186218261719},"rotation":{"x":-0.14911501109600068,"y":0.013649612665176392,"z":0.0020588443148881199,"w":0.9887235164642334},"size":3.3133184909820558,"orthographic":false}