{"cameraMode":{"drawMode":0,"name":"Shaded","section":"Shading Mode"},"sceneLighting":false,"audioPlay":false,"sceneViewState":{"showFog":true,"showMaterialUpdate":true,"showSkybox":true,"showFlares":true,"showImageEffects":true,"showParticleSystems":true},"in2DMode":false,"pivot":{"x":-1.2188154458999634,"y":4.057823657989502,"z":-1.3088942766189576},"rotation":{"x":-0.5541902780532837,"y":0.0014368880074471236,"z":0.0008633022662252188,"w":-0.8323883414268494},"size":14.170548439025879,"orthographic":true}