{"cameraMode":{"drawMode":0,"name":"Shaded","section":"Shading Mode"},"sceneLighting":false,"audioPlay":false,"sceneViewState":{"showFog":true,"showMaterialUpdate":true,"showSkybox":true,"showFlares":true,"showImageEffects":true,"showParticleSystems":true},"in2DMode":false,"pivot":{"x":-5.814083099365234,"y":14.566017150878907,"z":8.556057929992676},"rotation":{"x":-0.2618403434753418,"y":-0.6665663123130798,"z":0.27143463492393496,"w":-0.6430025100708008},"size":136.68145751953126,"orthographic":false}