{"cameraMode":{"drawMode":0,"name":"Shaded","section":"Shading Mode"},"sceneLighting":false,"audioPlay":false,"sceneViewState":{"showFog":true,"showMaterialUpdate":true,"showSkybox":true,"showFlares":true,"showImageEffects":true,"showParticleSystems":true},"in2DMode":false,"pivot":{"x":-0.00580441951751709,"y":0.15000000596046449,"z":0.009432554244995118},"rotation":{"x":0.011256272904574871,"y":-0.9884628653526306,"z":0.11799640953540802,"w":0.09429430961608887},"size":4.454651832580566,"orthographic":false}