{"cameraMode":{"drawMode":0,"name":"Shaded","section":"Shading Mode"},"sceneLighting":false,"audioPlay":false,"sceneViewState":{"showFog":true,"showMaterialUpdate":true,"showSkybox":true,"showFlares":true,"showImageEffects":true,"showParticleSystems":true},"in2DMode":false,"pivot":{"x":-0.7532196044921875,"y":9.481132507324219,"z":63.21799850463867},"rotation":{"x":0.2226385772228241,"y":-0.5443968772888184,"z":0.15260842442512513,"w":0.7942133545875549},"size":126.51280975341797,"orthographic":false}