{"cameraMode":{"drawMode":0,"name":"Shaded","section":"Shading Mode"},"sceneLighting":false,"audioPlay":false,"sceneViewState":{"showFog":true,"showMaterialUpdate":true,"showSkybox":true,"showFlares":true,"showImageEffects":true,"showParticleSystems":true},"in2DMode":false,"pivot":{"x":-4.3526434898376469,"y":-0.00002859125379472971,"z":13.22334098815918},"rotation":{"x":-0.5470525622367859,"y":-0.43239766359329226,"z":0.39585748314857485,"w":-0.5975472927093506},"size":23.322988510131837,"orthographic":false}