{"cameraMode":{"drawMode":0,"name":"Shaded","section":"Shading Mode"},"sceneLighting":false,"audioPlay":false,"sceneViewState":{"showFog":true,"showMaterialUpdate":true,"showSkybox":true,"showFlares":true,"showImageEffects":true,"showParticleSystems":true},"in2DMode":false,"pivot":{"x":-2.8508760929107668,"y":4.153708457946777,"z":25.79994773864746},"rotation":{"x":-0.027305688709020616,"y":-0.008399579674005509,"z":0.0002346229593968019,"w":-0.9995918273925781},"size":35.2392692565918,"orthographic":false}