{"cameraMode":{"drawMode":0,"name":"Shaded","section":"Shading Mode"},"sceneLighting":false,"audioPlay":false,"sceneViewState":{"showFog":true,"showMaterialUpdate":true,"showSkybox":true,"showFlares":true,"showImageEffects":true,"showParticleSystems":true},"in2DMode":false,"pivot":{"x":0.0,"y":2.424708127975464,"z":12.000001907348633},"rotation":{"x":-0.23358233273029328,"y":-0.7170335650444031,"z":0.2825002372264862,"w":-0.5928707718849182},"size":38.693458557128909,"orthographic":false}