{"cameraMode":{"drawMode":0,"name":"Shaded","section":"Shading Mode"},"sceneLighting":false,"audioPlay":false,"sceneViewState":{"showFog":true,"showMaterialUpdate":true,"showSkybox":true,"showFlares":true,"showImageEffects":true,"showParticleSystems":true},"in2DMode":false,"pivot":{"x":6.798422336578369,"y":9.45515251159668,"z":-2.6733343601226808},"rotation":{"x":-0.2750272750854492,"y":-0.224639892578125,"z":0.0662560909986496,"w":-0.9324736595153809},"size":49.27831268310547,"orthographic":false}