{"cameraMode":{"drawMode":0,"name":"Shaded","section":"Shading Mode"},"sceneLighting":false,"audioPlay":false,"sceneViewState":{"showFog":true,"showMaterialUpdate":true,"showSkybox":true,"showFlares":true,"showImageEffects":true,"showParticleSystems":true},"in2DMode":false,"pivot":{"x":24.656375885009767,"y":11.751592636108399,"z":52.99174880981445},"rotation":{"x":-0.029786352068185808,"y":0.5169045329093933,"z":-0.017999980598688127,"w":-0.8553352952003479},"size":26.108413696289064,"orthographic":false}