{"cameraMode":{"drawMode":0,"name":"Shaded","section":"Shading Mode"},"sceneLighting":false,"audioPlay":false,"sceneViewState":{"showFog":true,"showMaterialUpdate":true,"showSkybox":true,"showFlares":true,"showImageEffects":true,"showParticleSystems":true},"in2DMode":false,"pivot":{"x":-0.518600344657898,"y":0.6148895621299744,"z":0.19623486697673798},"rotation":{"x":0.18476350605487824,"y":0.7717246413230896,"z":-0.2589232921600342,"w":0.5506925582885742},"size":4.845347881317139,"orthographic":false}