{"cameraMode":{"drawMode":0,"name":"Shaded","section":"Shading Mode"},"sceneLighting":false,"audioPlay":false,"sceneViewState":{"showFog":true,"showMaterialUpdate":true,"showSkybox":true,"showFlares":true,"showImageEffects":true,"showParticleSystems":true},"in2DMode":false,"pivot":{"x":5.360000133514404,"y":8.940696716308594e-8,"z":0.0},"rotation":{"x":-0.11975083500146866,"y":-0.7069480419158936,"z":0.12339913845062256,"w":-0.6860443949699402},"size":16.785127639770509,"orthographic":false}