{"cameraMode":{"drawMode":0,"name":"Shaded","section":"Shading Mode"},"sceneLighting":false,"audioPlay":false,"sceneViewState":{"showFog":true,"showMaterialUpdate":true,"showSkybox":true,"showFlares":true,"showImageEffects":true,"showParticleSystems":true},"in2DMode":false,"pivot":{"x":7.163197994232178,"y":5.8616790771484379,"z":7.2618865966796879},"rotation":{"x":0.06240150332450867,"y":-0.9105567336082459,"z":0.14938585460186006,"w":0.38036349415779116},"size":5.995214462280273,"orthographic":false}