{"cameraMode":{"drawMode":0,"name":"Shaded","section":"Shading Mode"},"sceneLighting":false,"audioPlay":false,"sceneViewState":{"showFog":true,"showMaterialUpdate":true,"showSkybox":true,"showFlares":true,"showImageEffects":true,"showParticleSystems":true},"in2DMode":false,"pivot":{"x":-5.3487420082092289,"y":1.0640838146209717,"z":-4.505659580230713},"rotation":{"x":-0.020497361198067666,"y":0.14257904887199403,"z":-0.0029544869903475048,"w":-0.9895668029785156},"size":4.007659435272217,"orthographic":false}