{"cameraMode":{"drawMode":0,"name":"Shaded","section":"Shading Mode"},"sceneLighting":false,"audioPlay":false,"sceneViewState":{"showFog":true,"showMaterialUpdate":true,"showSkybox":true,"showFlares":true,"showImageEffects":true,"showParticleSystems":true},"in2DMode":false,"pivot":{"x":1.1078402996063233,"y":0.3540486693382263,"z":-1.4163017272949219},"rotation":{"x":0.00048534313100390136,"y":0.9838935732841492,"z":-0.002667256398126483,"w":0.17873474955558778},"size":6.534201145172119,"orthographic":false}