{"cameraMode":{"drawMode":0,"name":"Shaded","section":"Shading Mode"},"sceneLighting":false,"audioPlay":false,"sceneViewState":{"showFog":true,"showMaterialUpdate":true,"showSkybox":true,"showFlares":true,"showImageEffects":true,"showParticleSystems":true},"in2DMode":false,"pivot":{"x":1.936153531074524,"y":2.045112133026123,"z":-0.9765641093254089},"rotation":{"x":-0.0003769024624489248,"y":-0.9876199960708618,"z":0.15684732794761659,"w":-0.002373676747083664},"size":12.36605453491211,"orthographic":false}