{"cameraMode":{"drawMode":0,"name":"Shaded","section":"Shading Mode"},"sceneLighting":false,"audioPlay":false,"sceneViewState":{"showFog":true,"showMaterialUpdate":true,"showSkybox":true,"showFlares":true,"showImageEffects":true,"showParticleSystems":true},"in2DMode":false,"pivot":{"x":-0.0017931351903825999,"y":0.0020599658600986006,"z":0.22843784093856812},"rotation":{"x":-0.22729705274105073,"y":-0.22488902509212495,"z":0.054036132991313937,"w":-0.9459604024887085},"size":4.99609375,"orthographic":false}