{"cameraMode":{"drawMode":0,"name":"Shaded","section":"Shading Mode"},"sceneLighting":false,"audioPlay":false,"sceneViewState":{"showFog":true,"showMaterialUpdate":true,"showSkybox":true,"showFlares":true,"showImageEffects":true,"showParticleSystems":true},"in2DMode":false,"pivot":{"x":3.929903268814087,"y":1.057873249053955,"z":5.684980869293213},"rotation":{"x":-0.02357911504805088,"y":-0.971164345741272,"z":0.1085500568151474,"w":-0.21095195412635804},"size":0.5181821584701538,"orthographic":false}