{"cameraMode":{"drawMode":0,"name":"Shaded","section":"Shading Mode"},"sceneLighting":true,"audioPlay":false,"sceneViewState":{"showFog":true,"showMaterialUpdate":false,"showSkybox":true,"showFlares":true,"showImageEffects":true,"showParticleSystems":true},"in2DMode":false,"pivot":{"x":-4.28000020980835,"y":0.6100000143051148,"z":-2.450000047683716},"rotation":{"x":0.6192435622215271,"y":-0.006823634263128042,"z":0.005379247013479471,"w":0.7851508855819702},"size":18.188426971435548,"orthographic":false}